Charros, gauchos y manolas
Rain or Shine (film)
The Road Is Fine
Clancy in Wall Street
Midnight in a Toy Shop
Young Desire (film)
Cock o' the Walk (1930 film)
Bed and Breakfast (1930 film)
The Caviar Princess
The Spoilers (1930 film)
Temple Tower
Embarrassing Moments
Mountain Justice (1930 film)
Only Saps Work
Men of the North
Echo of a Dream
The Last Company
The Lottery Bride
The Mounted Stranger
Černé oči, proč pláčete...?
A Man from Wyoming
Vše pro lásku
Journey's End (1930 film)
Abschied
Passion Flower (1930 film)
Terry of the Times
The Life of the Party (1930 film)
Le Roi des resquilleurs
The Devil to Pay!
The Prosecutor Hallers
Hook, Line and Sinker (1930 film)
Beyond the Cities
The Czar of Broadway
The Kibitzer
Westfront 1918
Mysterious Mose
Warned Off
Mexico (film)
The Laurel-Hardy Murder Case
The Cheaters (1930 film)
The Singing City
Lightnin' (1930 film)
Under a Texas Moon
The King of Paris (1930 French-language film)
The White Devil (film)
Arctic Antics
Dixiana (film)
Daphnis and Chloe (film)
Conspiracy (1930 film)
How Do I Become Rich and Happy?
Harmony Heaven
You'd Be Surprised!
Up the River
Love in the Rough
Lawful Larceny
Josef the Chaste (1930 film)
The Ghost That Never Returns
Scapa Flow (film)
The Boy Friends
Near the Rainbow's End
The Right to Love
Cyanide (1930 film)
Summer (1930 film)
Compromising Daphne
Happy Days (1929 film)
Suspense (1930 film)
See America Thirst
Wide Open (film)
Just Imagine
Under Texas Skies (1930 film)
The Shark (film)
Man Trouble (1930 film)
The Dawn Patrol (1930 film)
The Virtuous Sin
Oh Sailor Behave
The Bad Man (1930 film)
Brothers (1930 film)
Kounty Fair
The Silver Horde (1930 film)
Thus Is Life
Strictly Unconventional
The Dogway Melody
Karnadi Anemer Bangkong
The Road to Paradise
Redemption (1930 film)
Sarfarosh (1930 film)
One Night at Susie's
David Golder (film)
He Knew Women
King of Jazz
Anna Christie (1930 English-language film)
The Vagabond King (1930 film)
Borderline (1930 film)
Greek Street (film)
Kismet (1930 film)
Safety in Numbers (1930 film)
Street of Chance (1930 film)
The W Plan
Almost a Honeymoon (1930 film)
Oh, For a Man!
Courage (1930 film)
Spanish Eyes (film)
Windjammer (1930 film)
Framed (1930 film)
Burning Up (film)
Young Man of Manhattan
Let's Go Places
Goodbye Argentina
Lord Byron of Broadway
Aimless Walk
Bharati Balak
Alaskan Knights
Shadow of the Law
Crazy That Way
Big Boy (film)
On the Border (film)
Night Owls (film)
Maybe It's Love
Sunny (1930 film)
Dames Ahoy!
The Big Party
New Moon (1930 film)
The Fall Guy (1930 film)
Fast and Loose (1930 film)
Captain Thunder (film)
Top Speed
Danger Lights
Won by a Neck
The Utah Kid (1930 film)
The Cuckoos
The Lash (1930 film)
The Doorway to Hell
De Stem des Bloeds
Racket Busters
The Melody Man
Not So Dumb
A Lucky Man
She Couldn't Say No (1930 film)
Jazz Rhythm
The Widow from Chicago
Miss Europe (1930 film)
Soup to Nuts
City Girl (1930 film)
Whoopee! (film)
The Bad One
K. und K. Feldmarschall
Alraune (1930 film)
Be Yourself (film)
Heads Up (film)
Sinkin' in the Bathtub
The Indians Are Coming
Laughter (film)
The Princess and the Plumber
Tom Sawyer (1930 film)
The Santa Fe Trail (1930 film)
Under Suspicion (1930 film)
Two Hearts in Waltz Time
Such Is the Law
Dizzy Dishes
The Love Waltz
Playful Pan
Such Men Are Dangerous
Hokuspokus (film)
What a Man (1930 film)
Isle of Escape
Fairground People
Dangerous Nan McGrew
Lovin' the Ladies
Free Love (film)
Animal Crackers (1930 film)
Sons of the Saddle
The Climax (1930 film)
The Three from the Filling Station (1930 film)
The Storm (1930 film)
Enter the Queen
Hide-Out (1930 film)
Zeemansvrouwen
Moby Dick (1930 film)
Mysterious Mr. Parkes
The Man from Blankley's
Paid (1930 film)
The Chinese Bungalow (1930 film)
Mickey's Champs
River's End (1930 film)
The Yellow Mask
Zwei Menschen
A Warm Corner
College Lovers
Mamba (film)
Salt for Svanetia
Man to Man (1930 film)
A Tango for You
Nancy Bikin Pembalesan
Tiger Island (1930 film)
Derelict (1930 film)
Recaptured Love
The Golf Specialist
Hell Harbor
Blood of Minas Gerais
Beau Bandit
Three Days Confined to Barracks
Lucky Larkin
Cannibal Capers
The Great Longing
Liliom (1930 film)
Henpecked
The Bishop Murder Case (film)
Hell's Angels (film)
Morocco (film)
Common Clay (1930 film)
The Burning of the Red Lotus Temple
The Rogue Song
À propos de Nice
Undertow (1930 film)
Safdar Jung (film)
The Navy
Viejo smoking
Lotus Lady
Sweethearts and Wives
Napoli che canta
The Big House (1930 film)
The House of the Arrow (1930 film)
Spooks (1930 film)
Young Woodley (1930 film)
Children of Pleasure
The Costello Case
For the Defense (1930 film)
Love Songs (1930 film)
Trailing Trouble
Symphony in Two Flats
Assunta Spina (1930 film)
Soldiers and Women
Reno (1930 film)
The Girl of the Golden West (1930 film)
Never Trust a Woman
Congo Jazz
Peacock Alley (1930 film)
General Crack
Grumpy (1930 film)
Raffles (1930 film)
Good Intentions (1930 film)
Ladies Love Brutes
They Learned About Women
Darling of the Gods
Judas (1930 film)
Strictly Modern
At the Villa Rose (1930 film)
Arirang geuhu iyagi
Fellers (film)
Be Yourself!
Her Man (film)
Holiday (1930 film)
Playboy of Paris
Wild Company
Caught Short
The School for Scandal (1930 film)
Wine Cellars (film)
General Babka (1930 film)
The Furies (1930 film)
Dangerous Paradise
Mickey's Luck
Kult ciała
Rooms to Let
The Bandmaster (1930 film)
Anna Christie (1930 German-language film)
The Unholy Three (1930 film)
The Compulsory Husband
The Other Tomorrow
Rookery Nook (film)
A Lady Surrenders
Accused, Stand Up!
The Silent Enemy (1930 film)
Love Is Strength
Murder on the Roof
The Cohens and Kellys in Africa
The Sea Wolf (1930 film)
The Three Sisters (1930 film)
The Last of the Duanes (1930 film)
Puttin' On the Ritz (film)
Waltz of Love
The Still Alarm (1930 film)
Pardon My Gun (1930 film)
The Flame of Love
Night Ride (film)
Going Wild
The Song of Love (film)
The Return of Dr. Fu Manchu
Men Without Women (film)
Hit the Deck (1930 film)
The Other (1930 film)
Bear Shooters
Mickey's Warriors
A Notorious Affair
The Dancers
She Got What She Wanted
Pension Schöller (1930 film)
The Bat Whispers
The Flute Concert of Sans-Souci
Reaching for the Moon (1930 film)
The Son of the White Mountain
Girl of the Port
The Blood of a Poet
Ingagi
Night Birds (film)
Slightly Scarlet (1930 film)
The Devil's Pit
Viennese Nights
Kiss Me Sergeant
Když struny lkají
Shadows of Glory
The Voice from the Sky
A Tough Winter
Scarlet Pages
After Many Years (1930 film)
Men Are Like That
Big Business (1930 film)
Tojin Okichi
Second Choice
On Your Back
The Road to Fortune
The Black Hand Gang
In Gay Madrid
Remote Control (1930 film)
Roadhouse Nights
The Sleeping Beauty (film)
Bright Lights (1930 film)
French Leave (1930 film)
Monkey Melodies
Trigger Tricks
Follow the Leader (1930 film)
From Stump to Ship
True to the Navy
The Cohens and the Kellys in Scotland
Skandal um Eva
Young Eagles (film)
The Pay-Off
The Sea Bat
Tingel-Tangel
The Royal Family of Broadway
Si Si Senor
A Soldier's Plaything
Lieutenant, Were You Once a Hussar?
Kohlhiesel's Daughters (1930 film)
Below Zero (1930 film)
Udaykal
The Singer of My City
The Temporary Widow
Sarangadhara
The Way of All Men
Song of the West
The Devil's Holiday
Call of the Flesh
Manslaughter (1930 film)
What Men Want
Shivering Shakespeare
Autumn (1930 film)
Lummox (film)
The Right to Love (1930 US film)
The Girl Said No (1930 film)
Rough Romance
The Eyes of the World
Escape (1930 film)
The Romance Of Maoriland
The Second Floor Mystery
Die zärtlichen Verwandten
Madam Satan
The Big Pond
The Great Game (1930 film)
Chasing Rainbows (film)
The Fighting Legion
The Cat Creeps
Blotto (film)
L'Age d'Or
Scotland Yard (1930 film)
Tarakanova (film)
Si Ronda
Bubbles (film)
The Little Accident
Paramount on Parade
Hold Everything (1930 film)
Aiyoku no ki
No, No, Nanette (1930 film)
The Green Goddess (1930 film)
Rendezvous (1930 film)
This Mad World
Barnacle Bill (1930 film)
Cheolindo
The Big Fight (1930 film)
Just for a Song
An Obvious Situation
The Chain Gang
The Man Hunter
Dancing Sweeties
Spring Is Here (film)
Song of the Flame
The Texan (film)
Call of the Sea
Min and Bill
The Last Hour
Mars (1930 film)
The Middle Watch (1930 film)
Too Many Crooks (1930 film)
Winter (1930 film)
Abi and Rabi
The Plan for Great Works
Leathernecking
Love Comes Along
Sinners' Holiday
Old English (film)
No Exit (1930 film)
New Movietone Follies of 1930
Whispering Whoopee
The Third Alarm
Way Out West (1930 film)
In the Next Room
Red Pearls
Show Girl in Hollywood
Khooni Khanjar
Road to Paradise (film)
Should a Doctor Tell? (1930 film)
Burglars (film)
Seven Days' Leave (1930 film)
Under the Roofs of Paris
Oklahoma Cyclone
Teacher's Pet (1930 film)
A Sister to Assist 'Er (1930 film)
A Daughter of the Congo
Playing Around
Alf's Button (1930 film)
Good News (1930 film)
La Maison de la Fléche
The Concentratin' Kid
Madonna of the Streets (film)
Love in the Ring
Wara Wara
The Sap from Syracuse
The Divorcee
Broadway Folly
Dumbbells in Ermine
La Leggenda di Wally
Category:Lists of 1930 films by country or language
Achtung! – Auto-Diebe!
The Boudoir Diplomat
Birds of Prey (film)
The Florodora Girl
Dreyfus (1930 film)
The Land of Smiles (1930 film)
Numbered Men
The Booze Hangs High
The Case of Sergeant Grischa (film)
Storm over Mont Blanc
Brats
Children of Dreams
Earth (1930 film)
Anybody's Woman
Let's Go Native
Not So Quiet on the Western Front (film)
The Man from Chicago
Tons of Money (1930 film)
Sin Takes a Holiday
Vigathakumaran
The Medicine Man (1930 film)
Kathleen Mavourneen (1930 film)
The Woman from China
With Byrd at the South Pole
Hold Anything
Shadow Ranch (film)
Shooting Straight
Romance (1930 film)
Parade of the West
The King of Paris (1930 German film)
One Romantic Night
A Lady to Love
Back Pay
Doughboys (1930 film)
St. Jorgen's Day
The Girl with a Hatbox
Song of the Caballero
Vienna, City of Song
Lilies of the Field (1930 film)
Why Sailors Leave Home
The First Seven Years
Dolly Gets Ahead
The Dizzy Limit
Great Day (unfinished film)
Only the Brave (1930 film)
Hello Sister
Rivals for the World Record
The Gorilla (1930 film)
Chasing Fortune
Billy the Kid (1930 film)
On Approval (1930 film)
Golden Dawn (film)
The Nipper
Africa (film)
The Matrimonial Bed
Love Among the Millionaires
Our Blushing Brides
Murder! (1930 film)
Captain of the Guard (film)
Children of Chance (1930 film)
Masks (1929 film)
April Maze
School's Out (1930 film)
The Flirting Widow
Canaries Sometimes Sing
Kristine Valdresdatter (film)
Chudá holka
The Jade Box
Slow Beau
So This Is London (1930 film)
Troopers Three
Niebezpieczny romans
Elstree Calling
Outward Bound (film)
Gwiaździsta eskadra
A Hole in the Wall (1930 film)
Exile to Siberia
Ladies of Leisure
Lord Richard in the Pantry
Cheer Up and Smile
A Student's Song of Heidelberg
Estrellados
Alias French Gertie
Rani Saheba (1930 film)
Mothers Cry
Mischievous Miss
Guilty?
A Lady's Morals
Renegades (1930 film)
Her Wedding Night
Night (1930 film)
The Lone Defender
Song of Soho
La Femme d'une nuit
Montana Moon
Danube Waltz (film)
Fiddlesticks (film)
The Night Porter (1930 film)
The Swordswoman of Huangjiang
Outside the Law (1930 film)
When the Wind Blows (1930 film)
Africa Speaks!
Son of the Gods
People on Sunday
The Apache Kid (film)
The Loves of Robert Burns
Charlotte Löwensköld (1930 film)
East Is West
Charley's Aunt (1930 film)
War Nurse
La Voluntad del muerto
Tol'able David (1930 film)
Bride of the Regiment
The Love Trader
Juno and the Paycock (film)
Ladies in Love (1930 film)
The Truth About Youth
Along Came Youth
Those Who Dance
Wolves (1930 film)
Behind the Make-Up
Dance Into Happiness
Category:1930 animated films
All Quiet on the Western Front (1930 film)
The Blonde Nightingale
High Society Blues
Hot Curves
Free and Easy (1930 film)
The Sea God
Let Us Be Gay
Women Everywhere
Nerone (1930 film)
Born Reckless (1930 film)
The Blue Angel
Monte Carlo (1930 film)
Extravagance (film)
A Devil with Women
Those Three French Girls
Song o' My Heart
The Arizona Kid (1930 film)
What a Widow!
Divorce Among Friends
Way for a Sailor
The Light of Western Stars (1930 film)
The Social Lion
Two Plus Fours
Spurs (film)
Roaring Ranch
She's My Weakness
When the Evening Bells Ring (1930 film)
Imperial and Royal Field Marshal
Check and Double Check
The Old Song
Sea Legs (film)
Romance sentimentale
Murder Will Out (1930 film)
The Lightning Express
Abraham Lincoln (1930 film)
Pups Is Pups
Gold on the Street
The Office Wife
Méphisto (1930 film)
Just Mickey
Double Cross Roads
The Benson Murder Case (film)
An Elastic Affair
Queen High
The Border Legion (1930 film)
Anybody's War
Half Shot at Sunrise
Inside the Lines
Feet First
The Cabinet of Doctor Larifari
The Big Trail
Part Time Wife
The Lady of Scandal
The Lone Star Ranger (film)
Rough Waters
Not So Quiet
Sweet Kitty Bellairs
The Sins of the Children
Loose Ankles
The Woman Racket
Frolicking Fish
Mickey's Merry Men
The Waltz King (film)
Sweet Mama (film)
Second Wife (1930 film)
Menschen im Käfig
Hog Wild (1930 film)
Du Barry, Woman of Passion
Honey (1930 film)
Another Fine Mess
Hell's Heroes (film)
The Runaway Bride (film)
The Ship from Shanghai
Three Faces East (1930 film)
My Wife's Teacher
Follow Thru
Midnight Mystery
Sunny Skies (film)
Borrowed Wives
Up a Tree (film)
Mammy (1930 film)
Sarah and Son
