Love, Life and Laughter (1923 film)
Finished (film)
Three to One Against
Crashin' Thru
The Right to Strike
Felix in Hollywood
Inge Larsen
A Gentleman of Leisure (1923 film)
The Stone Rider
Circus Days
Is Divorce a Failure?
Derby Day (1923 film)
The Woman of Bronze
The Silent Command
While Paris Sleeps
Three Ages
The Naked Man (1923 film)
The Little Napoleon
Prodigal Daughters
Man and Wife (film)
Her Reputation (1923 film)
Collars and Cuffs
Tillers of the Soil
The Cobbler (1923 film)
Avalanche (1923 film)
Desert Driven
The Starlit Garden
The Island of Tears
Galleguita
His Wife, The Unknown
On the Banks of the Wabash (film)
To the Ladies
Pleasure Mad
Her Dangerous Path
Martha (1923 film)
The Trail of the Lonesome Pine (1923 film)
The Rustle of Silk
Frauenmoral
His Children's Children
Sarati the Terrible (1923 film)
Poor Valbuena (1923 film)
The Buddenbrooks (film)
The White Shadow (film)
The Twins (1923 film)
The Duke of Aleria
The Nth Commandment
Castles in the Air (1923 film)
Bleeke Bet (1923 film)
Black Oxen
The Miracle Baby
The Eternal City (1923 film)
Strangers of the Night
Lost and Found on a South Sea Island
The Ramblin' Kid
The Woman Worth Millions
The Acquittal
The Misanthrope (1923 film)
When Knights Were Cold
Constant Hot Water (film)
The Dinkum Bloke
Lodge Night
The Exciters (film)
The Little Unknown
Lawful Larceny (1923 film)
The Royal Oak (film)
Escándalo de medianoche
Flaming Youth (film)
Tragedy of Love
The Flame of Life
William Tell (1923 film)
Michael O'Halloran (1923 film)
Paganini (1923 film)
Salomé (1923 film)
Short Orders
West of the Water Tower
Unseeing Eyes
The Flame (1923 film)
Always Tell Your Wife
Kosuzume Toge
Kindled Courage
The Marriage Maker
Zaza (1923 film)
Paddy the Next Best Thing (1923 film)
Category:Lists of 1923 films by country or language
Second Hand Love
The Gown Shop
Stage Fright (1923 film)
Hallig Hooge
No Wedding Bells
The Bad Man (1923 film)
His Last Race
In the Days of Daniel Boone
Plunder (serial)
Doctor Sacrobosco
Under Two Jags
The Eternal Struggle (film)
The Face on the Bar-Room Floor (1923 film)
Nameless (film)
The Bright Shawl
Enemies of Women
Success (1923 film)
Her Fatal Millions
Dracula's Death
Miss Suwanna of Siam
Between Evening and Morning
A Clouded Name
Tu ten kámen
Dulcy (1923 film)
The Ne'er-Do-Well
The Heart Raider
Downfall (1923 film)
Anna Christie (1923 film)
Maytime (1923 film)
Die Fledermaus (1923 film)
Carousel (1923 film)
Don't Call It Love (film)
The Man in the Iron Mask (1923 film)
Rivals (1923 film)
Trimmed in Scarlet
The Barnyard
The Soilers
All the Brothers Were Valiant (1923 film)
Stormswept
The Brass Bottle (1923 film)
The Unknown Tomorrow
The Spessart Inn (1923 film)
Kill or Cure (1923 film)
Souls on the Coast
Puritan Passions
The Fighting Blade
Scaramouche (1923 film)
Three Who Paid
All for Money
A Sereia de Pedra
The Spoilers (1923 film)
Red Devils (Soviet film)
The Grub-Stake
The Bishop of the Ozarks
Lightning Love
Fury (1923 film)
Hunted Women
Becket (1923 film)
The Shadow of the Mosque
Guy Fawkes (film)
Bonnie Prince Charlie (1923 film)
Dead Game
Tales of Old Vienna
Riders of the Range (1923 film)
The Expulsion (film)
Bella Donna (1923 film)
The Man Who Won
The Frankish Song
The Gribushin Family
Adam and Eva
Explosion (1923 film)
A Spectre Haunts Europe
City in View
Martin Luther (1923 film)
A Man About Town
Comin' Thro the Rye (1923 film)
The Man Without Desire
Gas and Air (film)
A Gamble with Hearts
Bluebeard's 8th Wife
Ponjola
The Cricket on the Hearth (1923 film)
The Blue Lagoon (1923 film)
The Red Rider (1923 film)
A Couple of Down and Outs
Adam's Rib (1923 film)
Matri Sneha
Only 38
Bob and Mary
Rogues of the Turf
Nobody's Money
The Ravine of Death
Corazón de criolla
The School for Scandal (1923 film)
The Drums of Jeopardy (1923 film)
Three Wise Fools (1923 film)
The Champeen
The Printer's Devil (film)
Drums of Fate
Slave of Desire
Our Hospitality
Vengeance of the Deep (1923 film)
Raskolnikow (film)
Brass (film)
Down to the Sea in Ships (1922 film)
Comedienne (film)
The Passionate Friends (1923 film)
The Merchant of Venice (1923 film)
Broken Hearts of Broadway
Enemies of Children
Truxton King (film)
Where the Pavement Ends
Riding to Win
If Winter Comes (1923 film)
The Christian (1923 film)
The Tiger's Claw
Law of the Lawless
The Shock (1923 film)
Mysteries of a Barbershop
Rosita (film)
Hutch Stirs 'em Up
The Fair Maid of Perth (film)
Potash and Perlmutter
Innocence (1923 film)
The Fog (1923 film)
Ruggles of Red Gap (1923 film)
Locksmith and Chancellor
The Violin King
Hoodman Blind
The Wanters
Legend of the Inca Bridge
Chu-Chin-Chow (1925 film)
Vanity Fair (1923 film)
The Lady Owner
Second Fiddle (1923 film)
Souls for Sale
Franz Lehár (film)
Kee en Janus naar Berlijn
The Isle of Lost Ships (1923 film)
Penrod and Sam (1923 film)
The Hotel Mouse
The Whole Truth (1923 film)
The Hypocrites (film)
The Gold Diggers (1923 film)
The Leopardess
I.N.R.I. (film)
The Oregon Trail (1923 serial)
Out of Luck
The Forbidden Trail
Sixty Cents an Hour
Merry-Go-Round (1923 film)
Where the North Begins
Has the World Gone Mad!
Daddy (1923 film)
Shootin' for Love
Ashes of Vengeance
Dogs of War (film)
The Gentleman from America
Old Heidelberg (1923 film)
Die Straße
Three Jumps Ahead
The Ragged Edge (film)
You Can't Fool Your Wife (1923 film)
The White Sister (1923 film)
Sofrer Para Gozar
Main Street (1923 film)
The Love Nest (1923 film)
Why Worry?
Mother's Joy
Salomy Jane (1923 film)
Townies and Hayseeds
The Ancient Law
Around the World in Eighteen Days
Monsters of the Past
Young Medardus
The Voice from the Minaret
The Beloved Vagabond (1923 film)
St. Elmo (1923 British film)
Ateşten Gömlek
The Santa Fe Trail (1923 film)
North of Hudson Bay
Reno (1923 film)
Tatjana (film)
The Shepherd King
The Blizzard (1923 film)
A Pleasant Journey
Homeward Bound (1923 film)
The Ghost City
The Dingo
Quarantine (1923 film)
The Steadfast Heart
The Eternal Three
The White Flower
Held to Answer
Schatten – Eine nächtliche Halluzination
The Light That Failed (1923 film)
The Unknown Purple
Judith (1923 film)
The Virgin Queen (1923 film)
Orient Fever
Children of Jazz
The Midnight Cabaret
The Treasure of Gesine Jacobsen
Princess Suwarin
La dama de Chez Maxim's
No Noise
The Indian Love Lyrics
The Phantom Fortune
The Girl I Loved
Dark Secrets
Little Old New York (1923 film)
The Beautiful and Damned (film)
The Go-Getter (1923 film)
A Few Moments with Eddie Cantor
The Purple Dawn
The Steel Trail
Back Stage (1923 film)
April Showers (1923 film)
The Comedian's Child
The Snow Bride
The Lost Shoe
A Canção da Primavera
Afterglow (1923 film)
Carmen, Jr.
Ruth of the Range
Blinky (film)
Christopher Columbus (1923 film)
The Abyss of Repentance
The Purple Highway
The Good Comrade
João da Mata
When the Kellys Were Out
The Balloonatic
Glumov's Diary
Grumpy (1923 film)
Java Head (1923 film)
Man Is Man's Enemy
The Big Show (1923 film)
The Shriek of Araby
Slippy McGee
The Call of the Wild (1923 film)
The Famous Mrs. Fair
The Social Code (1923 film)
Strangling Threads
The Dangerous Maid
The Fight for the Ultimatum Factory
Tiger Rose (1923 film)
The Daring Years
Shadows of the North
A Woman of Paris
The Call of the Canyon
In the Palace of the King
Wild Bill Hickok (film)
Through the Shadows
Certificates of Death
Frozen Hearts
The Green Goddess (1923 film)
Ben Bernie and All the Lads
Out to Win (1923 film)
The Hunchback of Notre Dame (1923 film)
Beasts of Paradise
The Country Kid
The Eagle's Talons
The Pilgrim (1923 film)
Mary of the Movies
Little Miss Nobody (1923 film)
Thundering Dawn
This Freedom
Married Love (film)
Within the Law (1923 film)
Pick and Shovel
The Prodigal Son (1923 film)
The Sun of St. Moritz (1923 film)
Racing Hearts
Lucretia Lombard
La Maleva
The Noon Whistle
Scorching Sands
The Lion's Mouse
The White Rose (1923 film)
Nora (1923 film)
White Wings
Cavaleiro Negro
Gentle Julia (1923 film)
Stephen Steps Out
Fiat Lux (film)
Oranges and Lemons (film)
A Glass of Water (1923 film)
Canyon of the Fools
Double Dealing (1923 film)
Six Cylinder Love
Fires of Fate (1923 film)
St. Elmo (1923 American film)
Modern Marriage
The Wandering Jew (1923 film)
Samson (1923 film)
Richard the Lion-Hearted (1923 film)
The Little Thing
The Tiger of Circus Farini
Boys to Board
Melenita de oro
The Loves of Mary, Queen of Scots
The Uninvited Guest (1923 film)
Traición
The Courtship of Miles Standish (1923 film)
Suzanna (film)
The Cheat (1923 film)
Quicksands (1923 film)
The Battle (1923 film)
The Almighty Dollar (1923 film)
To the Last Man (1923 film)
Boy of Mine
The Silent Partner (1923 film)
The House Without Laughter
Backbone (1923 film)
Lights of London (1923 film)
It's a Gift (1923 film)
The Handy Man (1923 film)
Earth Spirit (film)
Should a Doctor Tell? (1923 film)
Augusto Anibal quer casar
The Temptation of Carlton Earle
Bavu
The Day of Faith
I Will Repay (film)
The Extra Girl
Le Retour à la Raison
The Prisoner (1923 film)
The Social Buccaneer
Category:1923 animated films
The Fighting Skipper
Jealous Husbands
The Girl of the Golden West (1923 film)
A Musical Monologue
Alice's Wonderland
Sunday Calm
Deceit (1923 film)
Cordelia the Magnificent
Romain Kalbris (film)
Prehistoric Hayseeds
Big Brother (1923 film)
The Devil's Partner
White Tiger (1923 film)
The World's Applause
An Australian by Marriage
Australia Calls (1923 film)
The Romance of Sleepy Hollow
Demon Circus
Through Fire and Water
The Covered Wagon
Mist in the Valley
Human Wreckage
Brigade Commander Ivanov
July Days (film)
The Adventures of Prince Courageous
Hollywood (1923 film)
Madame Golvery
The Green Manuela
Vienna, City of Song (1923 film)
Horseshoes (film)
Cœur fidèle
The Ghost Patrol
Mr. Billings Spends His Dime
Woman to Woman (1923 film)
Don Quixote (1923 film)
The Harbour Lights (1923 film)
The Thrill Chaser
The Ten Commandments (1923 film)
A Night's Adventure
Cameo Kirby
Safety Last!
Vineta, the Sunken City
Love's Old Sweet Song (1923 film)
Under the Red Robe (1923 film)
Save the Ship
Stars of Eger (1923 film)
Drifting (1923 film)
Darkness (film)
The Glimpses of the Moon
Giants vs. Yanks
The Doll Maker of Kiang-Ning
The Knockout (film)
The Treasure (1923 film)
Haldane of the Secret Service
Woman-Proof
The Audacious Mr. Squire
The Woman Who Obeyed
The Gypsy Girl at the Alcove
La Roue
The Romany
The Idol (1923 film)
Single Handed (1923 film)
The Flight of Socrates
The Spanish Dancer
Friend Ripp
A Chapter in Her Life
Roughest Africa
The Reverse of the Medal (film)
Mighty Lak' a Rose (1923 film)
The Wheels of Destiny
Driven (1923 film)
The Virginian (1923 film)
Koenigsmark (1923 film)
Harry Hill, Lord of the World
The Sign of Four (1923 film)
Fog Bound
Adam and Eve (1923 film)
Jazzmania
Boden's Boy
